Method,VaR (%),VaR ($),VaR (Absolute $)
Historical,-2.1302258440076436,-2130.225844007644,2130.225844007644
Variance-Covariance,-2.224194391635572,-2224.194391635572,2224.194391635572
Monte Carlo,-2.1968589238175524,-2196.8589238175523,2196.8589238175523
